"Tag","Class","RegistryKey","SlotCount","SlotTypes","SlotDetail"
"0x80B2F00E","0x80809462","0x3E3BCA52","31","36 31 25 31 31 25 57 69 69 69 69 60 47 47 60 60 63 54 54 54 54 54 54 12 12 12 12 12 12 12 12","36:0xD5C62FD2,31:0xD233E030,25:0x43A6A48E,31:0x3C39D318,31:0xD588EDC8,25:0x43A6A48F,57:0xC6905B77,69:0x3E64EE42,69:0xCFE898B0,69:0x701AF341,69:0xC1628017,60:0x7A66DCEA,47:0xB8058770,47:0xB8058771,60:0xD0E6246E,60:0x18336F27,63:0xEF765307,54:0xD8E58D9E,54:0x6574FECE,54:0xD1D9FB46,54:0x3090B5EE,54:0xA099D0D7,54:0x861674E2,12:0x8C6F53D7,12:0xE9DC6235,12:0x41EEC72C,12:0x39BFC74F,12:0xDEF1C3B2,12:0x41EEC72F,12:0x39BFC74C,12:0x282CB4FC"
"0x80B2F015","0x80809462","0x8FE30052","27","36 36 31 31 30 60 47 69 69 69 69 69 60 60 60 54 54 54 54 54 54 54 12 12 12 12 12","36:0x3A18CE80,36:0xD5C62FD2,31:0xFE3BB7AC,31:0xBC1DE89F,30:0x3EF23A3B,60:0xC82BB232,47:0x002A4C3F,69:0xC14D6208,69:0xC1628017,69:0x59DCDB27,69:0x701AF341,69:0xF1DAC9F4,60:0xF6558361,60:0xDF710EDD,60:0x16F4F302,54:0x0B427039,54:0xA8BF5E3D,54:0x89C39DFD,54:0x06378966,54:0x3C37E5C4,54:0x858532D0,54:0x065D1B61,12:0x2D94FCF4,12:0xF58FF609,12:0x41EEC72E,12:0x39BFC74D,12:0x13A0E763"
"0x80B2F02A","0x80809462","0x5135D008","13","1 3 70 30 45 66 66 44 44 60 61 45 46","1:0x956B5A93,3:0x060213EC,70:0x3A2C2625,30:0x203E429F,45:0x67A7BA12,66:0xBA2E8B75,66:0xBB2F545A,44:0x36F3C315,44:0x359396DE,60:0xCA0C16DE,61:0xF06B9F06,45:0x67A7BA11,46:0x2EB19AEB"
"0x80B2F14F","0x80809462","0x100A16BC","46","36 36 36 36 36 36 36 36 36 36 36 36 36 36 36 36 36 36 30 31 61 47 61 61 61 61 61 61 61 61 61 61 61 61 61 61 61 60 61 61 63 63 69 54 54 63","36:0x25C457B2,36:0xACD2B0DD,36:0x2CDD4CC5,36:0x3516AECA,36:0x48859B58,36:0x36457280,36:0x98C09D74,36:0x5DD11DBA,36:0xC4116F98,36:0x0E0E3F9E,36:0x66E59B18,36:0xFA25B0A3,36:0x8C7B00D0,36:0x246B600D,36:0xD99981CE,36:0xEBB3619D,36:0x794EAF6A,36:0x0C16707A,30:0x3178A8E3,31:0xE4DE93EB,61:0x5A306A59,47:0x17D4E98D,61:0xE0943CB3,61:0x9E0F4573,61:0x9BF97760,61:0x7F752CD2,61:0x1AE5EA1B,61:0x41D93F0B,61:0x08F28842,61:0x0A3FD7D3,61:0x1400EF09,61:0xE7FADB3F,61:0xA0BD6112,61:0x41513DCA,61:0x980B7665,61:0x56E7AAB5,61:0x662503F5,60:0x929F2A41,61:0xC428D533,61:0x461FB085,63:0xACE8F42E,63:0xADAE6EDA,69:0x94F39BF9,54:0xC604E3A1,54:0xAF2327E3,63:0x09DD21E1"
"0x80B2F25A","0x80809462","0xD42A7BCF","45","36 36 36 36 36 36 36 36 36 36 36 36 36 36 36 36 36 36 30 31 61 47 61 61 61 61 61 61 61 61 61 61 61 61 61 61 61 60 61 61 63 63 69 54 54","36:0x25C457B2,36:0xACD2B0DD,36:0x2CDD4CC5,36:0x3516AECA,36:0x48859B58,36:0x36457280,36:0x98C09D74,36:0x5DD11DBA,36:0xC4116F98,36:0x0E0E3F9E,36:0x66E59B18,36:0xFA25B0A3,36:0x8C7B00D0,36:0x246B600D,36:0xD99981CE,36:0xEBB3619D,36:0x794EAF6A,36:0x0C16707A,30:0x3178A8E3,31:0xE4DE93EB,61:0x5A306A59,47:0x17D4E98D,61:0xE0943CB3,61:0x9E0F4573,61:0x9BF97760,61:0x7F752CD2,61:0x1AE5EA1B,61:0x41D93F0B,61:0x08F28842,61:0x0A3FD7D3,61:0x1400EF09,61:0xE7FADB3F,61:0xA0BD6112,61:0x41513DCA,61:0x980B7665,61:0x56E7AAB5,61:0x662503F5,60:0x929F2A41,61:0xC428D533,61:0x461FB085,63:0xACE8F42E,63:0xADAE6EDA,69:0x7B004AFE,54:0x5B8646EC,54:0xBA0737B0"
"0x80B2F2E7","0x80809462","0x29FE6233","45","36 36 36 36 36 36 36 36 36 36 36 36 36 36 36 36 36 36 30 31 61 47 61 61 61 61 61 61 61 61 61 61 61 61 61 61 61 60 61 61 63 63 69 54 54","36:0x25C457B2,36:0xACD2B0DD,36:0x2CDD4CC5,36:0x3516AECA,36:0x48859B58,36:0x36457280,36:0x98C09D74,36:0x5DD11DBA,36:0xC4116F98,36:0x0E0E3F9E,36:0x66E59B18,36:0xFA25B0A3,36:0x8C7B00D0,36:0x246B600D,36:0xD99981CE,36:0xEBB3619D,36:0x794EAF6A,36:0x0C16707A,30:0x3178A8E3,31:0xE4DE93EB,61:0x5A306A59,47:0x17D4E98D,61:0xE0943CB3,61:0x9E0F4573,61:0x9BF97760,61:0x7F752CD2,61:0x1AE5EA1B,61:0x41D93F0B,61:0x08F28842,61:0x0A3FD7D3,61:0x1400EF09,61:0xE7FADB3F,61:0xA0BD6112,61:0x41513DCA,61:0x980B7665,61:0x56E7AAB5,61:0x662503F5,60:0x929F2A41,61:0xC428D533,61:0x461FB085,63:0xACE8F42E,63:0xADAE6EDA,69:0x5A5AD708,54:0x13A94890,54:0x2792A1DC"
"0x80B2F3B7","0x80809462","0x29FE6230","45","36 36 36 36 36 36 36 36 36 36 36 36 36 36 36 36 36 36 30 31 61 47 61 61 61 61 61 61 61 61 61 61 61 61 61 61 61 60 61 61 63 63 69 54 54","36:0x25C457B2,36:0xACD2B0DD,36:0x2CDD4CC5,36:0x3516AECA,36:0x48859B58,36:0x36457280,36:0x98C09D74,36:0x5DD11DBA,36:0xC4116F98,36:0x0E0E3F9E,36:0x66E59B18,36:0xFA25B0A3,36:0x8C7B00D0,36:0x246B600D,36:0xD99981CE,36:0xEBB3619D,36:0x794EAF6A,36:0x0C16707A,30:0x3178A8E3,31:0xE4DE93EB,61:0x5A306A59,47:0x17D4E98D,61:0xE0943CB3,61:0x9E0F4573,61:0x9BF97760,61:0x7F752CD2,61:0x1AE5EA1B,61:0x41D93F0B,61:0x08F28842,61:0x0A3FD7D3,61:0x1400EF09,61:0xE7FADB3F,61:0xA0BD6112,61:0x41513DCA,61:0x980B7665,61:0x56E7AAB5,61:0x662503F5,60:0x929F2A41,61:0xC428D533,61:0x461FB085,63:0xACE8F42E,63:0xADAE6EDA,69:0x598386BB,54:0x13A94890,54:0x2792A1DC"
"0x80B2F4B6","0x80809462","0x29FE6231","45","36 36 36 36 36 36 36 36 36 36 36 36 36 36 36 36 36 36 30 31 61 47 61 61 61 61 61 61 61 61 61 61 61 61 61 61 61 60 61 61 63 63 69 54 54","36:0x25C457B2,36:0xACD2B0DD,36:0x2CDD4CC5,36:0x3516AECA,36:0x48859B58,36:0x36457280,36:0x98C09D74,36:0x5DD11DBA,36:0xC4116F98,36:0x0E0E3F9E,36:0x66E59B18,36:0xFA25B0A3,36:0x8C7B00D0,36:0x246B600D,36:0xD99981CE,36:0xEBB3619D,36:0x794EAF6A,36:0x0C16707A,30:0x3178A8E3,31:0xE4DE93EB,61:0x5A306A59,47:0x17D4E98D,61:0xE0943CB3,61:0x9E0F4573,61:0x9BF97760,61:0x7F752CD2,61:0x1AE5EA1B,61:0x41D93F0B,61:0x08F28842,61:0x0A3FD7D3,61:0x1400EF09,61:0xE7FADB3F,61:0xA0BD6112,61:0x41513DCA,61:0x980B7665,61:0x56E7AAB5,61:0x662503F5,60:0x929F2A41,61:0xC428D533,61:0x461FB085,63:0xACE8F42E,63:0xADAE6EDA,69:0x49AA8586,54:0x13A94890,54:0x2792A1DC"
"0x80B2F608","0x80809462","0x3AAE0583","44","36 36 36 36 36 36 36 36 36 36 36 36 36 36 36 36 36 36 30 31 61 47 61 61 61 61 61 61 61 61 61 61 61 61 61 61 61 60 61 61 63 63 69 54","36:0x25C457B2,36:0xACD2B0DD,36:0x2CDD4CC5,36:0x3516AECA,36:0x48859B58,36:0x36457280,36:0x98C09D74,36:0x5DD11DBA,36:0xC4116F98,36:0x0E0E3F9E,36:0x66E59B18,36:0xFA25B0A3,36:0x8C7B00D0,36:0x246B600D,36:0xD99981CE,36:0xEBB3619D,36:0x794EAF6A,36:0x0C16707A,30:0x3178A8E3,31:0xE4DE93EB,61:0x5A306A59,47:0x17D4E98D,61:0xE0943CB3,61:0x9E0F4573,61:0x9BF97760,61:0x7F752CD2,61:0x1AE5EA1B,61:0x41D93F0B,61:0x08F28842,61:0x0A3FD7D3,61:0x1400EF09,61:0xE7FADB3F,61:0xA0BD6112,61:0x41513DCA,61:0x980B7665,61:0x56E7AAB5,61:0x662503F5,60:0x929F2A41,61:0xC428D533,61:0x461FB085,63:0xACE8F42E,63:0xADAE6EDA,69:0x9C784A9E,54:0x4E96C43A"
"0x80B2F66E","0x80809462","0x02DB5320","44","36 36 36 36 36 36 36 36 36 36 36 36 36 36 36 36 36 36 30 31 61 47 61 61 61 61 61 61 61 61 61 61 61 61 61 61 61 60 61 61 63 63 69 54","36:0x25C457B2,36:0xACD2B0DD,36:0x2CDD4CC5,36:0x3516AECA,36:0x48859B58,36:0x36457280,36:0x98C09D74,36:0x5DD11DBA,36:0xC4116F98,36:0x0E0E3F9E,36:0x66E59B18,36:0xFA25B0A3,36:0x8C7B00D0,36:0x246B600D,36:0xD99981CE,36:0xEBB3619D,36:0x794EAF6A,36:0x0C16707A,30:0x3178A8E3,31:0xE4DE93EB,61:0x5A306A59,47:0x17D4E98D,61:0xE0943CB3,61:0x9E0F4573,61:0x9BF97760,61:0x7F752CD2,61:0x1AE5EA1B,61:0x41D93F0B,61:0x08F28842,61:0x0A3FD7D3,61:0x1400EF09,61:0xE7FADB3F,61:0xA0BD6112,61:0x41513DCA,61:0x980B7665,61:0x56E7AAB5,61:0x662503F5,60:0x929F2A41,61:0xC428D533,61:0x461FB085,63:0xACE8F42E,63:0xADAE6EDA,69:0xB86C93A1,54:0x4E96C43A"
"0x80B2F6FA","0x80809462","0x56FE1F9A","44","36 36 36 36 36 36 36 36 36 36 36 36 36 36 36 36 36 36 30 31 61 47 61 61 61 61 61 61 61 61 61 61 61 61 61 61 61 60 61 61 63 63 69 54","36:0x25C457B2,36:0xACD2B0DD,36:0x2CDD4CC5,36:0x3516AECA,36:0x48859B58,36:0x36457280,36:0x98C09D74,36:0x5DD11DBA,36:0xC4116F98,36:0x0E0E3F9E,36:0x66E59B18,36:0xFA25B0A3,36:0x8C7B00D0,36:0x246B600D,36:0xD99981CE,36:0xEBB3619D,36:0x794EAF6A,36:0x0C16707A,30:0x3178A8E3,31:0xE4DE93EB,61:0x5A306A59,47:0x17D4E98D,61:0xE0943CB3,61:0x9E0F4573,61:0x9BF97760,61:0x7F752CD2,61:0x1AE5EA1B,61:0x41D93F0B,61:0x08F28842,61:0x0A3FD7D3,61:0x1400EF09,61:0xE7FADB3F,61:0xA0BD6112,61:0x41513DCA,61:0x980B7665,61:0x56E7AAB5,61:0x662503F5,60:0x929F2A41,61:0xC428D533,61:0x461FB085,63:0xACE8F42E,63:0xADAE6EDA,69:0xD57693F3,54:0x4E96C43A"
"0x80B9A6F1","0x80809462","0x2EA02282","1","19","19:0x4085607B"
"0x80B9A96C","0x80809462","0x601D014E","3","68 11 53","68:0x916C61E9,11:0xA79F7787,53:0xF04C0F32"
"0x80B9A975","0x80809462","0xB2FE153E","3","68 11 53","68:0x916C61E9,11:0xA79F7787,53:0xF04C0F32"
"0x80B9A97D","0x80809462","0x185DD054","3","68 11 53","68:0x916C61E9,11:0xA79F7787,53:0xF04C0F32"
"0x80B9A986","0x80809462","0x103F5570","3","68 11 53","68:0x916C61E9,11:0xA79F7787,53:0xF04C0F32"
"0x80B9A98E","0x80809462","0xD5BF41C4","3","68 11 53","68:0x916C61E9,11:0xA79F7787,53:0xF04C0F32"
"0x80B9A996","0x80809462","0xAF874D3E","3","68 11 53","68:0x916C61E9,11:0xA79F7787,53:0xF04C0F32"
"0x80B9A99D","0x80809462","0xFEA20F32","3","68 11 53","68:0x916C61E9,11:0xA79F7787,53:0xF04C0F32"
"0x80B9A9A5","0x80809462","0xEFC71718","3","68 11 53","68:0x916C61E9,11:0xA79F7787,53:0xF04C0F32"
"0x80B9A9AE","0x80809462","0xF4E674D1","3","68 11 53","68:0x916C61E9,11:0xA79F7787,53:0xF04C0F32"
"0x80B9A9B8","0x80809462","0x58FDD4F2","3","68 11 53","68:0x916C61E9,11:0xA79F7787,53:0xF04C0F32"
"0x80B9A9C1","0x80809462","0x8A508D8D","3","68 11 53","68:0x916C61E9,11:0xA79F7787,53:0xF04C0F32"
"0x80B9A9C9","0x80809462","0x9F3034DF","4","68 11 53 19","68:0x916C61E9,11:0xA79F7787,53:0xF04C0F32,19:0x309D3CBC"
"0x80B9A9D5","0x80809462","0xE40FC4D8","3","68 11 53","68:0x916C61E9,11:0xA79F7787,53:0xF04C0F32"
"0x80B9A9DF","0x80809462","0xBBD8102A","3","68 11 53","68:0x916C61E9,11:0xA79F7787,53:0xF04C0F32"
"0x80B9A9ED","0x80809462","0x174E433E","3","68 11 53","68:0x916C61E9,11:0xA79F7787,53:0xF04C0F32"
"0x80B9A9F7","0x80809462","0x174E433D","3","68 11 53","68:0x916C61E9,11:0xA79F7787,53:0xF04C0F32"
"0x80B9AA01","0x80809462","0xF39845F8","3","68 11 53","68:0x916C61E9,11:0xA79F7787,53:0xF04C0F32"
"0x80B9AA09","0x80809462","0xF1FA18FE","3","68 11 53","68:0x916C61E9,11:0xA79F7787,53:0xF04C0F32"
"0x80B9AA14","0x80809462","0xE7AACDBF","3","68 11 53","68:0x916C61E9,11:0xA79F7787,53:0xF04C0F32"
"0x80B9AA1C","0x80809462","0xE7AACDBC","3","68 11 53","68:0x916C61E9,11:0xA79F7787,53:0xF04C0F32"
"0x80B9AA24","0x80809462","0x72508CF1","3","68 11 53","68:0x916C61E9,11:0xA79F7787,53:0xF04C0F32"
"0x80B9AA2D","0x80809462","0x8823C1C7","3","68 11 53","68:0x916C61E9,11:0xA79F7787,53:0xF04C0F32"
"0x80B9AA34","0x80809462","0x4E1DD64B","3","68 11 53","68:0x916C61E9,11:0xA79F7787,53:0xF04C0F32"
"0x80B9AA3D","0x80809462","0x2093BC76","3","68 11 53","68:0x916C61E9,11:0xA79F7787,53:0xF04C0F32"
"0x80B9AA48","0x80809462","0x52F2CE4D","3","68 11 53","68:0x916C61E9,11:0xA79F7787,53:0xF04C0F32"
"0x80B9AA4F","0x80809462","0x52F2CE4E","3","68 11 53","68:0x916C61E9,11:0xA79F7787,53:0xF04C0F32"
"0x80B9AA56","0x80809462","0xB4FD7E80","3","68 11 53","68:0x916C61E9,11:0xA79F7787,53:0xF04C0F32"
"0x80B9AA5D","0x80809462","0xB7D52922","3","68 11 53","68:0x916C61E9,11:0xA79F7787,53:0xF04C0F32"
"0x80B9AA64","0x80809462","0x3567D701","3","68 11 53","68:0x916C61E9,11:0xA79F7787,53:0xF04C0F32"
"0x80B9AA6B","0x80809462","0x89BDE458","3","68 11 53","68:0x916C61E9,11:0xA79F7787,53:0xF04C0F32"
"0x80B9AA74","0x80809462","0xA93E442F","3","68 11 53","68:0x916C61E9,11:0xA79F7787,53:0xF04C0F32"
"0x80B9AA7C","0x80809462","0xA93E442C","3","68 11 53","68:0x916C61E9,11:0xA79F7787,53:0xF04C0F32"
"0x80B9AA84","0x80809462","0x3347FDA5","3","68 11 53","68:0x916C61E9,11:0xA79F7787,53:0xF04C0F32"
"0x80B9AA8B","0x80809462","0xBE3C948B","4","68 11 53 19","68:0x916C61E9,11:0xA79F7787,53:0xF04C0F32,19:0x309D3CBC"
"0x80B9AA92","0x80809462","0xFDA5F129","4","68 11 53 19","68:0x916C61E9,11:0xA79F7787,53:0xF04C0F32,19:0x309D3CBC"
"0x80B9AA93","0x80809462","0xC212B330","3","68 11 53","68:0x916C61E9,11:0xA79F7787,53:0xF04C0F32"
"0x80B9AA9D","0x80809462","0x70736FF9","3","68 11 53","68:0x916C61E9,11:0xA79F7787,53:0xF04C0F32"
"0x80B9AAA4","0x80809462","0x6A063A88","3","68 11 53","68:0x916C61E9,11:0xA79F7787,53:0xF04C0F32"
"0x80B9AAAB","0x80809462","0x234795E2","3","68 11 53","68:0x916C61E9,11:0xA79F7787,53:0xF04C0F32"
"0x80B9AAB2","0x80809462","0x234795E1","3","68 11 53","68:0x916C61E9,11:0xA79F7787,53:0xF04C0F32"
"0x80B9AAB9","0x80809462","0x234795E0","3","68 11 53","68:0x916C61E9,11:0xA79F7787,53:0xF04C0F32"
"0x80B9AAC0","0x80809462","0x81C0171C","3","68 11 53","68:0x916C61E9,11:0xA79F7787,53:0xF04C0F32"
"0x80B9AAC7","0x80809462","0x4A9E03AD","3","68 11 53","68:0x916C61E9,11:0xA79F7787,53:0xF04C0F32"
"0x80B9AACE","0x80809462","0xF8EC93D7","3","68 11 53","68:0x916C61E9,11:0xA79F7787,53:0xF04C0F32"
"0x80B9AAD5","0x80809462","0xE60E8E81","3","68 11 53","68:0x916C61E9,11:0xA79F7787,53:0xF04C0F32"
"0x80B9AADC","0x80809462","0x31B7F2E8","3","68 11 53","68:0x916C61E9,11:0xA79F7787,53:0xF04C0F32"
"0x80B9AAE3","0x80809462","0x952FA7D1","3","68 11 53","68:0x916C61E9,11:0xA79F7787,53:0xF04C0F32"
"0x80B9AAEA","0x80809462","0xD76501DA","3","68 11 53","68:0x916C61E9,11:0xA79F7787,53:0xF04C0F32"
"0x80B9AAF1","0x80809462","0xBBDC61E7","3","68 11 53","68:0x916C61E9,11:0xA79F7787,53:0xF04C0F32"
"0x80B9AAF9","0x80809462","0x67DDEF14","3","68 11 53","68:0x916C61E9,11:0xA79F7787,53:0xF04C0F32"
"0x80B9AB04","0x80809462","0xF6A8E0C3","3","68 11 53","68:0x916C61E9,11:0xA79F7787,53:0xF04C0F32"
"0x80B9AB0E","0x80809462","0x438D6B51","3","68 11 53","68:0x916C61E9,11:0xA79F7787,53:0xF04C0F32"
"0x80B9AB15","0x80809462","0x8E80BFA7","3","68 11 53","68:0x916C61E9,11:0xA79F7787,53:0xF04C0F32"
"0x80B9AB1C","0x80809462","0x8E80BFA4","3","68 11 53","68:0x916C61E9,11:0xA79F7787,53:0xF04C0F32"
"0x80B9AB23","0x80809462","0x2F7AAD89","3","68 11 53","68:0x916C61E9,11:0xA79F7787,53:0xF04C0F32"
"0x80B9AB2A","0x80809462","0x0BC76937","3","68 11 53","68:0x916C61E9,11:0xA79F7787,53:0xF04C0F32"
"0x80B9AB31","0x80809462","0x65C4E3CF","3","68 11 53","68:0x916C61E9,11:0xA79F7787,53:0xF04C0F32"
"0x80B9AB38","0x80809462","0xF6A8E0C1","3","68 11 53","68:0x916C61E9,11:0xA79F7787,53:0xF04C0F32"
"0x80B9AB3F","0x80809462","0xF6A8E0C2","3","68 11 53","68:0x916C61E9,11:0xA79F7787,53:0xF04C0F32"
"0x80B9AB43","0x80809462","0x3C70857B","8","69 69 69 54 54 54 12 12","69:0xCFE898B0,69:0xC440D9A4,69:0x59DCDB27,54:0xCF8FB8C7,54:0x7E49968C,54:0x4638EB9D,12:0x282CB4FC,12:0xB74139D4"
"0x80B9AB63","0x80809462","0x7189341B","3","68 11 53","68:0x916C61E9,11:0xA79F7787,53:0xF04C0F32"
"0x80B9AB7A","0x80809462","0x6A5A4C44","3","68 11 53","68:0x916C61E9,11:0xA79F7787,53:0xF04C0F32"
"0x80B9AB7E","0x80809462","0x95739FBF","7","57 69 54 54 54 12 12","57:0xC6905B77,69:0x2E329DF2,54:0x4B3911C5,54:0x41F1B5D1,54:0x2C85004F,12:0x5E9A244C,12:0x4FB851BE"
"0x80B9AB8C","0x80809462","0x3EAD2E07","19","31 30 47 47 60 69 69 69 60 60 54 54 54 54 54 54 12 12 12","31:0x528FAC6D,30:0x98E96277,47:0x60F16C13,47:0xA6BDDC29,60:0xCB1EFC6E,69:0x4C84AE8E,69:0xDF2F306B,69:0xBB86D2C5,60:0x47E86136,60:0x47D87CA5,54:0x10035E68,54:0x5A96FADB,54:0x7A45E092,54:0x8A6CF338,54:0x1328815D,54:0x7A039E59,12:0xD599D53B,12:0xD9BF7D8E,12:0x4DCAC28F"
"0x80B9AB9A","0x80809462","0x21552D68","15","31 31 57 69 69 69 60 60 54 54 54 54 12 12 12","31:0x983D30E5,31:0x101C89EA,57:0xC6905B77,69:0xC21FD532,69:0x1497E759,69:0x2E329DF2,60:0x53CA693C,60:0x8E3A61CB,54:0xD10A636B,54:0x31445C95,54:0x91E835FF,54:0x91E835FC,12:0x0F260CD4,12:0x77B4A964,12:0x5E9A244C"
"0x80B9ABB7","0x80809462","0x00791603","3","68 11 53","68:0x916C61E9,11:0xA79F7787,53:0xF04C0F32"
"0x80B9ABBE","0x80809462","0xC343CAFD","3","68 11 53","68:0x916C61E9,11:0xA79F7787,53:0xF04C0F32"
"0x80B9ABC5","0x80809462","0x68EAB5F4","3","68 11 53","68:0x916C61E9,11:0xA79F7787,53:0xF04C0F32"
"0x80B9ABCC","0x80809462","0xA7B378AB","3","68 11 53","68:0x916C61E9,11:0xA79F7787,53:0xF04C0F32"
"0x80B9ABD3","0x80809462","0xD01B638E","3","68 11 53","68:0x916C61E9,11:0xA79F7787,53:0xF04C0F32"
"0x80B9ABDA","0x80809462","0x461255AD","3","68 11 53","68:0x916C61E9,11:0xA79F7787,53:0xF04C0F32"
"0x80B9ABE1","0x80809462","0x35B81F25","3","68 11 53","68:0x916C61E9,11:0xA79F7787,53:0xF04C0F32"
"0x80B9ABE8","0x80809462","0x15E1684A","3","68 11 53","68:0x916C61E9,11:0xA79F7787,53:0xF04C0F32"
"0x80B9AC0A","0x80809462","0xCED5C8A0","2","4 70","4:0xE53AF300,70:0x3A2C2625"
"0x80B9AC12","0x80809462","0x6EFA9FF0","5","47 60 54 54 69","47:0xB79A5AF2,60:0xB60AE225,54:0xA106B2FD,54:0x19726297,69:0xF6474707"
"0x80B9AC14","0x80809462","0x9309C17B","3","68 11 53","68:0x916C61E9,11:0xA79F7787,53:0xF04C0F32"
"0x80B9AC15","0x80809462","0x3CA07FAE","3","68 11 53","68:0x916C61E9,11:0xA79F7787,53:0xF04C0F32"
"0x80B9AC16","0x80809462","0xB2FC08D4","3","68 11 53","68:0x916C61E9,11:0xA79F7787,53:0xF04C0F32"
"0x80B9AC17","0x80809462","0xA191F488","3","68 11 53","68:0x916C61E9,11:0xA79F7787,53:0xF04C0F32"
"0x80B9AC35","0x80809462","0x959F18E8","27","30 30 31 31 31 47 57 47 57 47 69 69 69 69 72 60 60 60 54 54 54 54 54 54 12 12 12","30:0xAD5AD4DA,30:0x887B0484,31:0x2CF076D5,31:0xF7067DD6,31:0xC641093D,47:0xC2039D98,57:0xC718E100,47:0x3769A1A0,57:0xB76C4F9A,47:0xF399569C,69:0xC57B97A3,69:0xEA00D077,69:0xD8E988BA,69:0xA0A25578,72:0xF04D9964,60:0xCF0808C1,60:0x9C3BCCD9,60:0x1BA96FD0,54:0x2C988E12,54:0xF3C4E041,54:0x5034E9F9,54:0xAF93DE5B,54:0x0506271A,54:0x08FEC951,12:0x704C6B42,12:0xA4368315,12:0x067158F2"
"0x80B9AC46","0x80809462","0xA48B9D54","20","30 31 57 60 47 69 69 72 72 72 72 72 72 72 72 72 12 54 54 54","30:0xFF511275,31:0x4B24D3DC,57:0x0720C122,60:0x80589612,47:0x47F7EA93,69:0x14EE065B,69:0xE7950C44,72:0xAE44DB7D,72:0xBE9FE67E,72:0x6229348E,72:0x09A2E215,72:0xF2AD01E9,72:0x49D059E1,72:0x887E2952,72:0xC0CA0AE7,72:0xAECF3C6E,12:0xD2B33FC4,54:0x125BB607,54:0x5D49245E,54:0xD3770AB9"
"0x80B9AC4D","0x80809462","0x06BA52AD","13","30 57 69 69 69 72 72 72 72 72 54 54 12","30:0xB8309500,57:0xC718E100,69:0xA7AC0DAA,69:0x45BE5FA4,69:0x14EE065B,72:0x600F6F6E,72:0x5F0F6DFD,72:0x620F7204,72:0x610F709B,72:0x640F7522,54:0xC7F911C7,54:0xE09B7C7E,12:0x7F455FE9"
"0x80B9AC4E","0x80809462","0x451738F7","13","69 69 72 72 12 12 12 12 54 54 54 54 54","69:0x4D559CA7,69:0xFAEE491C,72:0x72313C73,72:0xCF24AF09,12:0xEED9355B,12:0x1D0A2080,12:0x78F29D8A,12:0x407E4F87,54:0x7C787034,54:0xBA7F927B,54:0xBA7F9278,54:0xBA7F9279,54:0x493335BF"
"0x80B9AD73","0x80809462","0x2DA8A034","1","54","54:0x4653DD8E"
"0x80B9AD74","0x80809462","0x4D222395","1","54","54:0x4653DD8E"
"0x80B9AD75","0x80809462","0xE080335B","1","54","54:0x4653DD8E"
"0x80B9AD76","0x80809462","0xEEA8B04F","1","54","54:0xC604E3A1"
"0x80B9AE55","0x80809462","0xBFA86FA3","1","54","54:0xA106B2FD"
"0x80BDB294","0x80809462","0xDB627F30","5","36 69 54 12 12","36:0xF481418E,69:0x768F2741,54:0xC22A4D56,12:0x80F663C6,12:0x6548A58D"
"0x80BE1BCC","0x80809462","0x105206D9","2","4 70","4:0x105117AD,70:0x3A2C2625"
"0x80BE1C09","0x80809462","0xD0A1A958","19","4 23 4 23 4 23 4 23 4 4 23 23 4 4 23 23 70 31 60","4:0xB55DA3E6,23:0x9E474A19,4:0xBA19623C,23:0xA16D252F,4:0x4031B68B,23:0xA62A6004,4:0x616C9DE7,23:0xDE907B68,4:0xF783D40D,4:0x13F4C06D,23:0xD29D2EAE,23:0x9CDDFB4E,4:0x41617307,4:0xC265D6F3,23:0x495A90FC,23:0xBE855088,70:0x3A2C2625,31:0xDC3ACD0F,60:0xACDF015E"
"0x80BE1CE4","0x80809462","0x4EFAB7F9","4","4 4 4 70","4:0x2CB0D857,4:0x2DB0D9C0,4:0x2AB0D4B9,70:0x3A2C2625"
"0x80BE1D6F","0x80809462","0x52695108","31","1 1 1 1 3 70 30 61 66 66 45 45 45 45 45 45 45 45 45 66 44 44 44 44 44 44 44 60 66 66 46","1:0x9D01BC1D,1:0x9E01BD8E,1:0xA001C0A4,1:0x9F01BF3B,3:0x7FF8600E,70:0x3A2C2625,30:0xA6170E31,61:0xBDAFF440,66:0x6466740D,66:0x2A1F5FF4,45:0x67A7BA11,45:0x67A7BA12,45:0x67A7BA13,45:0x67A7BA14,45:0x67A7BA15,45:0x67A7BA16,45:0x67A7BA17,45:0x67A7BA18,45:0x67A7BA19,66:0x05426CEB,44:0xC548598F,44:0x77791BD7,44:0x77791BD4,44:0x77791BD5,44:0x8DFE49EC,44:0x5F5F52F3,44:0x5F5F52F0,60:0x5A6000B4,66:0x24EB5373,66:0x6D13AAFE,46:0xE1F2AD95"
"0x80BE1D7C","0x80809462","0xC2274B1A","25","1 1 1 3 70 30 66 61 45 45 45 45 45 45 45 66 44 44 44 44 44 60 66 66 46","1:0xD8584FF5,1:0xD9585166,1:0xDA585293,3:0x28C03966,70:0x3A2C2625,30:0x782001A9,66:0x1E45085C,61:0x0A2EDCD8,45:0x67A7BA11,45:0x67A7BA12,45:0x67A7BA13,45:0x67A7BA14,45:0x67A7BA15,45:0x67A7BA16,45:0x67A7BA17,66:0xFCC26CB3,44:0x40EC8897,44:0x0A4A4F6C,44:0x0A4A4F6F,44:0x6C4B5624,44:0x9D3BECB8,60:0xC060B37C,66:0x14EA25DB,66:0x74216CF5,46:0xD0B4329D"
"0x80BE1DBC","0x80809462","0xA538AF85","67","65 4 23 1 1 1 3 1 1 3 1 1 1 1 3 1 1 3 1 1 1 3 1 1 3 70 30 30 30 30 30 30 45 66 66 66 60 61 61 61 45 45 45 66 66 66 60 61 45 45 45 66 45 45 45 66 66 66 44 60 61 66 44 60 45 45 66","65:0x92BF7199,4:0x00E5C295,23:0x51677A58,1:0x2EE7AE6E,1:0x2DE7ACFD,1:0x30E7B104,3:0xB7276F13,1:0xE3E19A55,1:0xE4E19BC6,3:0x3FA4CDC6,1:0x50E454DC,1:0x4FE452B3,1:0x4EE45106,1:0x4DE44F95,3:0xFE64D651,1:0x793C9CAB,1:0x7A3C9ED4,3:0x74F26724,1:0x0F7E636A,1:0x0E7E61F9,1:0x117E6600,3:0x0915F187,1:0x299A8EA1,1:0x2A9A90D2,3:0x668E7D4A,70:0x3A2C2625,30:0xCB917782,30:0x79D07449,30:0xDE264750,30:0xD0781D17,30:0x0E9537E6,30:0x2D39111D,45:0x67A7BA16,66:0x4AA4CBEA,66:0x1D9894A2,66:0xCF7F38CF,60:0x01FCBC11,61:0xE1EE47FE,61:0xE1EE47F8,61:0xE1EE47FB,45:0x67A7BA11,45:0x67A7BA17,45:0x67A7BA18,66:0x0A18B7DD,66:0xFA7C7199,66:0xAA2F8052,60:0x52792086,61:0xE1EE47FF,45:0x67A7BA12,45:0x67A7BA13,45:0x67A7BA14,66:0x6297C973,45:0x67A7BA19,45:0x3E09E8F3,45:0x3E09E8F2,66:0x999BF87C,66:0xE55C5940,66:0x407EBC19,44:0x2166D563,60:0x540E183B,61:0xE1EE47FC,66:0x55A5CF50,44:0xE0358598,60:0xFB7BA41C,45:0x3E09E8F1,45:0x3E09E8F0,66:0xE94F"
"0x80BE1F2C","0x80809462","0x318348B8","68","4 23 4 23 4 4 4 4 43 43 43 43 43 43 1 1 1 3 1 1 1 1 3 1 1 1 3 1 1 1 3 1 1 1 1 3 70 30 31 30 30 30 30 30 44 44 60 61 48 48 48 48 48 45 45 45 45 45 45 45 45 66 66 66 66 66 44 ","4:0xABFF4616,23:0x3CE737B7,4:0x5D4FBD4C,23:0x1E0F53E1,4:0xCEA25992,4:0xCDA25861,4:0x84658805,4:0x856589B6,43:0x2A226CDE,43:0x29226AAD,43:0x5894A6B2,43:0x5794A501,43:0x1D561625,43:0x1E561856,1:0xF265E001,1:0xF365E1B2,1:0xF465E3DF,3:0x8E58302A,1:0x5DC7AB26,1:0x5CC7A9B5,1:0x5FC7AEFC,1:0x5EC7AD53,3:0xB36DD0CB,1:0x76918853,1:0x779189FC,1:0x749184B5,3:0xBB4F082C,1:0x81CB1960,1:0x7FCB164A,1:0x80CB17F7,3:0xC195B9ED,1:0x9D01BC1D,1:0x9E01BD8E,1:0xA001C0A4,1:0x9F01BF3B,3:0x7FF8600E,70:0x3A2C2625,30:0x7479378D,31:0x91A62092,30:0xA6170E31,30:0x4B82823D,30:0xF658F6BA,30:0x113E5EDF,30:0xC9DFEFBC,44:0x0628DFE2,44:0xC05B0858,60:0x2B25B3D8,61:0xE858FD73,48:0xECF1B9F0,48:0xE9F1B4A9,48:0xEAF1B6DA,48:0xE7F1B193,48:0xE8F1B33C,45:0x67A7BA16,45:0x67A7BA17,45:0x67A7BA18,45:0x67A7BA19,45:0x3E09E8F3,45:0x3E09E8F2,45:0x3E09E8F1,45:0x3E09E8F0,66:0x90861C70,66:0xC86EA3AF,66:0xC86EA3AE,66:0xC86EA3AC,66:0x39085FD5,44:0x10AFF168,"
"0x80BE202E","0x80809462","0x333F48DC","68","4 4 23 23 4 4 23 23 4 4 43 43 43 4 4 26 4 4 4 4 4 23 4 23 4 23 4 23 4 23 4 23 4 23 4 23 1 1 3 1 3 1 1 3 1 1 1 1 1 3 1 2 1 3 70 30 31 30 30 30 30 45 66 66 44 60 61 48","4:0xC634615B,4:0xC73462C4,23:0x3CE737B7,23:0x3DE73920,4:0x5D4FBD4C,4:0x5C4FBB23,23:0x1E0F53E1,23:0x1F0F5512,4:0x64498214,4:0x84F73C21,43:0x1FE978A0,43:0xB92D9F34,43:0x5F6C7C41,4:0xBFA450B0,4:0xF5E51B8B,26:0x335AFB36,4:0xFA4D729B,4:0xE4157342,4:0x8C8F3F9A,4:0x3C8ABA1C,4:0xDEEEB0C6,23:0x00D90167,4:0xDDEEAF55,23:0x01D90290,4:0xE0EEB39C,23:0xFED8FE49,4:0xDFEEB273,23:0xFFD8FFFA,4:0xE2EEB6BA,23:0xFCD8FAB3,4:0xE1EEB509,23:0xFDD8FCDC,4:0xE4EEBA50,23:0xFAD8F795,4:0xE3EEB827,23:0xFBD8F906,1:0xF265E001,1:0xF365E1B2,3:0x8E58302A,1:0x5DC7AB26,3:0xB36DD0CB,1:0xE3E19A55,1:0xE4E19BC6,3:0x3FA4CDC6,1:0x76918853,1:0x749184B5,1:0x7A918E07,1:0x75918626,1:0x779189FC,3:0xBB4F082C,1:0x2A24C4C1,2:0x6F5E91B4,1:0x60C413BE,3:0x98530F61,70:0x3A2C2625,30:0x7479378D,31:0xD4D3A7A5,30:0x79D07449,30:0x4B82823D,30:0xF658F6BA,30:0x113E5EDF,45:0x67A7BA15,66:0x90861C70,66:0x39085FD5,44:0x10AFF168,60:0x076412D7,61:0xE1EE47F8,48:0xE7F1B"
"0x80BE205C","0x80809462","0x0F5BC259","69","1 3 1 3 1 3 1 3 1 3 1 3 1 3 1 3 4 4 4 4 4 4 4 4 4 4 4 4 4 4 4 4 4 4 4 4 4 4 4 4 4 3 1 1 1 4 23 70 30 30 34 30 30 30 30 30 30 30 30 30 60 45 45 66 66 44 44 60 61","1:0x2C68C7C4,3:0x70BBC0B9,1:0x3A3FD807,3:0x0BB8C7D8,1:0xC02EAC8A,3:0xE2749E27,1:0x849FA145,3:0xACB0C2D6,1:0xCD9B47DC,3:0x52655F51,1:0xC0B0A8FF,3:0x22926CD0,1:0xC197CB82,3:0x677ED51F,1:0x29AC2BDD,3:0xC4AE644E,4:0x220C505A,4:0x15227431,4:0xDF5BE0E2,4:0xA8AF2E49,4:0xBAA02BCC,4:0xB9A029A3,4:0xB8A02836,4:0xB7A02685,4:0xBEA03180,4:0xBDA03017,4:0xBCA02EEA,4:0xBBA02D79,4:0xB2A01EA4,4:0xB1A01D3B,4:0x0521CF17,4:0x0621D080,4:0x0321CC79,4:0x0421CDEA,4:0x0121C8A3,4:0x0221CACC,4:0xFF21C585,4:0x0021C736,4:0xFD21C2EF,4:0xFE21C418,4:0xFF1F871C,3:0x0A4B34B0,1:0xB999FB5F,1:0xBA99FCC8,1:0xB799F781,4:0xB69D7C28,23:0x1F02961D,70:0x3A2C2625,30:0xB8309500,30:0x246B19C3,34:0xF14F2990,30:0x98E96277,30:0x5F659D38,30:0x50AC37AB,30:0x8463F046,30:0xD0BB25F9,30:0x5F8DA250,30:0xD8C3BB23,30:0xA7F810BE,30:0xAF33AD71,60:0xB7EF77E9,45:0x3E09E8FA,45:0x3F09EA66,66:0x9D049F39,66:0x0111AFB6,44:0x2618C539,44:0xCCEFA122,60:0xA7E8409A,61:0"
"0x80BE20F2","0x80809462","0x3264509F","1","70","70:0x3A2C2625"
"0x80BE20F7","0x80809462","0x3264509C","1","70","70:0x3A2C2625"
"0x80BE20FD","0x80809462","0xA72FF515","1","70","70:0x3A2C2625"
"0x80BE21DB","0x80809462","0xD95EB746","69","1 1 1 1 3 1 1 1 1 3 1 1 1 3 1 1 1 1 3 1 1 1 1 3 1 1 1 1 3 1 1 1 1 3 1 1 1 3 1 1 1 3 1 2 23 23 23 23 23 23 23 23 23 23 23 4 4 4 4 23 23 23 23 4 70 30 30 30 30","1:0x969F486E,1:0x959F46FD,1:0x989F4B04,1:0x979F499B,3:0xFD2EDD13,1:0x24E047F7,1:0x25E04960,1:0x22E044D9,1:0x23E0464A,3:0xB5B8B468,1:0x35B419E2,1:0x34B41871,1:0x37B41CB8,3:0xCF973B7F,1:0x3039D419,1:0x3139D58A,1:0x3239D737,1:0x3339D8A0,3:0xD03C1462,1:0x2FDAF5B6,1:0x2EDAF405,1:0x30DAF723,1:0x31DAF94C,3:0xB62C54BB,1:0x2F931691,1:0x30931802,1:0x319319AF,1:0x32931BD8,3:0x95689B1A,1:0x2E424328,1:0x2B423EE1,1:0x2D4241BF,1:0x2C424012,3:0xD5210135,1:0x6D384B15,1:0x6E384C86,1:0x6F384E33,3:0xEC55A406,1:0xB9CADF40,1:0xB8CADDD7,1:0xB7CADBAA,3:0x7AE1F5CD,1:0xD766F54B,2:0x7265FD07,23:0x80A7414E,23:0x7FA73FDD,23:0x82A74464,23:0x81A742FB,23:0x3A09F4B1,23:0x3D09F9F8,23:0x3B09F622,23:0x3C09F84F,23:0xFF500F9E,23:0x0050110B,23:0x015012B4,4:0x966A4F4B,4:0x976A50F4,4:0x946A4BAD,4:0x956A4DDE,23:0xCA04FD6E,23:0xC904FBFD,23:0xCC050004,23:0xCB04FE9B,4:0xC9C122FE,70:0x3A2C2625,30:0x7479378D,30:0xF4BC4182,30:0xFD47439B,30:0xFA"
"0x80BE21E9","0x80809462","0x93CBEEED","4","4 4 4 70","4:0xBC3F7E55,4:0xB93F799C,4:0xBA3F7B0F,70:0x3A2C2625"
"0x80BE2228","0x80809462","0x9272D7E9","21","1 1 1 3 70 30 61 66 66 45 45 45 45 45 60 44 44 44 66 66 46","1:0x65B407E5,1:0x66B40916,1:0x67B40A83,3:0xDC8B5276,70:0x3A2C2625,30:0xD35DDE59,61:0x59E1B328,66:0xCC3070A5,66:0x0E81750B,45:0x67A7BA11,45:0x67A7BA12,45:0x67A7BA13,45:0x67A7BA14,45:0x67A7BA15,60:0xBD9BB4EC,44:0x729CD897,44:0x729CD894,44:0x729CD895,66:0xB6672463,66:0x06A1014C,46:0x755921CD"
"0x80BE2257","0x80809462","0x242A94C8","28","1 1 1 1 1 3 70 30 61 66 66 66 66 66 45 45 45 45 45 45 45 44 44 44 44 66 60 46","1:0x503FF4EE,1:0x4F3FF37D,1:0x523FF784,1:0x543FFAA2,1:0x513FF61B,3:0xB51E6A93,70:0x3A2C2625,30:0xCEF38A02,61:0x4F8EBA7B,66:0x339FCA18,66:0x44773E9E,66:0xB9CB8294,66:0x329EA0AD,66:0x3BFEB628,45:0x67A7BA11,45:0x67A7BA12,45:0x67A7BA13,45:0x67A7BA14,45:0x67A7BA15,45:0x67A7BA16,45:0x67A7BA17,44:0xD6455F59,44:0xD6455F58,44:0xD74560C6,44:0xD84562A9,66:0x8E9AF093,60:0xA56F8A0F,46:0x6A158C2C"
"0x80BE2285","0x80809462","0xBBBD21F4","23","1 1 1 3 70 30 66 60 66 61 45 45 45 45 45 45 45 44 44 44 66 66 46","1:0xCB8F20FE,1:0xCA8F1F4D,1:0xCD8F2394,3:0x0CED8E03,70:0x3A2C2625,30:0x33989152,66:0xBB1398A3,60:0x9A40E21F,66:0x1E9962AE,61:0xE4BDD1AB,45:0x67A7BA11,45:0x67A7BA12,45:0x67A7BA13,45:0x67A7BA14,45:0x67A7BA15,45:0x67A7BA16,45:0x67A7BA17,44:0xC2570429,44:0xC2570428,44:0xC3570596,66:0x28B934A4,66:0xF50BC6F8,46:0xA7C06ABC"
"0x80BE22AC","0x80809462","0x0258B41A","21","1 1 1 3 70 30 66 60 66 61 45 45 45 45 45 44 44 44 66 66 46","1:0x2A7D4A86,1:0x2B7D4C33,1:0x2C7D4E5C,3:0x30359AD1,70:0x3A2C2625,30:0xE62B74D0,66:0xEE8A2B55,60:0x0A01E991,66:0x44653AA6,61:0x2B651579,45:0x67A7BA11,45:0x67A7BA12,45:0x67A7BA13,45:0x67A7BA14,45:0x67A7BA15,44:0xBEFA769D,44:0xBEFA7699,44:0xBEFA769A,66:0x051AA7BC,66:0x364A216A,46:0xA50CB08A"
"0x80BE22D1","0x80809462","0x482C8699","16","1 1 3 70 30 66 61 45 45 45 60 44 44 66 66 46","1:0xC0D6E259,1:0xC1D6E3CA,3:0xC66E6622,70:0x3A2C2625,30:0x0FD053F5,66:0x32A885F0,61:0xBD450B34,45:0x67A7BA11,45:0x67A7BA12,45:0x67A7BA13,60:0xDB9358A0,44:0xCB1E7A73,44:0xCB1E7A72,66:0x639E56CF,66:0x777B274F,46:0x27ABACE1"
"0x80BE22EF","0x80809462","0x9BACA995","21","1 1 1 3 70 30 66 66 66 45 45 45 45 45 60 44 44 44 66 61 46","1:0xA1485BE9,1:0xA2485D1A,1:0xA3485E87,3:0xCB159392,70:0x3A2C2625,30:0x2096C085,66:0x292A1769,66:0xC6CDABC0,66:0xC844799F,45:0x67A7BA11,45:0x67A7BA12,45:0x67A7BA13,45:0x67A7BA14,45:0x67A7BA15,60:0xCDA27370,44:0xBBE80403,44:0xBBE80402,44:0xBBE80405,66:0x168A855F,61:0xFD165A64,46:0x661B2671"
"0x80BE2314","0x80809462","0x4B815DCC","18","3 1 1 70 30 45 45 45 45 66 44 66 44 66 60 44 61 46","3:0x48D342FF,1:0xA10AA462,1:0xA00AA2F1,70:0x3A2C2625,30:0x2E38875E,45:0x67A7BA11,45:0x67A7BA12,45:0x67A7BA13,45:0x67A7BA14,66:0x70E47524,44:0x706CE1DB,66:0x7062D0D8,44:0x2300C98B,66:0x4B55A137,60:0xB3F41DA3,44:0xF24D845C,61:0x837572B7,46:0x7E4CB940"
"0x80BE233C","0x80809462","0x9F701030","22","3 1 1 1 70 30 45 45 45 45 45 66 44 44 66 66 44 66 60 61 45 46","3:0x418BE4E7,1:0x3D6798CA,1:0x3F679BE0,1:0x3C679759,70:0x3A2C2625,30:0xA4F33306,45:0x67A7BA12,45:0x67A7BA13,45:0x67A7BA14,45:0x67A7BA15,45:0x67A7BA16,66:0x9167021C,44:0xC871A883,44:0x50F2D2A3,66:0x2A7E98CA,66:0x2C6F62F0,44:0xA283C774,66:0x5D6533CF,60:0xB8995B5B,61:0x55FC521F,45:0x67A7BA11,46:0x54A30D38"
"0x80BE2360","0x80809462","0x46434F1E","18","1 1 3 70 30 66 45 45 45 66 44 44 44 44 60 61 66 46","1:0x82D393C4,1:0x81D3925B,3:0x7ADAE4B9,70:0x3A2C2625,30:0x341A0938,66:0xD75706DE,45:0x67A7BA11,45:0x67A7BA12,45:0x67A7BA13,66:0x63B8D7E2,44:0xA215B5DE,44:0xDE4EDE0E,44:0xDE7D7CA1,44:0xA71E6875,60:0x8CA3E3E9,61:0xA009B401,66:0x640D51ED,46:0xBCFF9EA2"
"0x80BE238E","0x80809462","0xDD834A2E","31","3 1 1 1 1 70 30 45 45 45 45 45 45 66 66 60 66 61 66 45 66 44 44 44 44 44 44 44 45 45 46","3:0x69BFEF9D,1:0xC34FCE70,1:0xC24FCCC7,1:0xC14FCB5A,1:0xC04FC929,70:0x3A2C2625,30:0x894018CC,45:0x67A7BA14,45:0x67A7BA15,45:0x67A7BA16,45:0x67A7BA17,45:0x67A7BA18,45:0x67A7BA19,66:0x8C589B36,66:0x65DC7B1A,60:0x66908A15,66:0xA12CB4A9,61:0x9C1385C5,66:0x87913C00,45:0x67A7BA11,66:0xF7A4C7DF,44:0x904AC63E,44:0x904AC63F,44:0x5DB60A19,44:0x904AC632,44:0x5DB60A18,44:0x5DB60A1A,44:0x5DB60A1B,45:0x67A7BA12,45:0x67A7BA13,46:0x04C9AAFE"
"0x80BE23B5","0x80809462","0x142E4FE6","26","3 1 1 1 70 30 45 45 45 45 45 66 66 60 66 61 66 44 44 44 44 44 44 45 45 46","3:0x34CC5359,1:0x75BF0064,1:0x74BEFEFB,1:0x73BEFD4E,70:0x3A2C2625,30:0xA4AD3018,45:0x67A7BA13,45:0x67A7BA14,45:0x67A7BA15,45:0x67A7BA16,45:0x67A7BA17,66:0x4EF34EC2,66:0xD98FDBBE,60:0x896B68C9,66:0xDAAB2CCD,61:0xB2C87FE1,66:0x7996BDB4,44:0x368BA82A,44:0x368BA82B,44:0x09D9BD75,44:0x368BA826,44:0x09D9BD74,44:0x09D9BD77,45:0x67A7BA11,45:0x67A7BA12,46:0x62607F82"
"0x80BE23DD","0x80809462","0x8648BDA1","26","1 1 1 1 3 70 30 60 66 61 66 66 45 45 45 45 45 45 45 44 44 44 44 66 66 46","1:0xC6B7D4ED,1:0xC7B7D61E,1:0xC8B7D78B,1:0xC9B7D934,3:0x9BF7A0BE,70:0x3A2C2625,30:0x728B8081,60:0x7F52B604,66:0xEE491B1D,61:0xD8E5B830,66:0x9B5A760E,66:0xDF624A03,45:0x67A7BA11,45:0x67A7BA12,45:0x67A7BA13,45:0x67A7BA14,45:0x67A7BA15,45:0x67A7BA16,45:0x67A7BA17,44:0x83C8F8FF,44:0x745FF958,44:0x745FF95B,44:0x745FF959,66:0xA11E703B,66:0xC6D5D004,46:0xAAC1B9E5"
"0x80BE23FF","0x80809462","0xE0DD0E60","14","1 3 70 30 45 45 66 44 44 44 60 66 61 46","1:0xD4D95CC6,3:0xC0CE1E6B,70:0x3A2C2625,30:0xB78EB41A,45:0x67A7BA11,45:0x67A7BA12,66:0x206C9FD0,44:0xDF66D3C8,44:0xA8A9ADB4,44:0x8CE03CB7,60:0x7DB85FB7,66:0xD962EFFC,61:0x336C24D3,46:0xED5B4154"
"0x80BE2420","0x80809462","0x62632AEC","15","1 1 3 70 30 61 45 45 66 44 44 60 66 66 46","1:0x5CF28EB6,1:0x5BF28D05,3:0xB2522FBB,70:0x3A2C2625,30:0x9CA4BBCA,61:0xCCC39023,45:0x67A7BA11,45:0x67A7BA12,66:0x21CB72C0,44:0xDEC85338,44:0x8A491DC7,60:0x7E640727,66:0x750796EB,66:0xFA48B7AC,46:0xB7F5DBC4"
"0x80BE2445","0x80809462","0x967195AD","21","1 1 1 3 70 30 61 66 66 45 45 45 45 45 60 44 44 44 66 66 46","1:0xAED5C6AD,1:0xAFD5C8DE,1:0xB0D5CA4B,3:0x7B72F1FE,70:0x3A2C2625,30:0xB72650C1,61:0x93198FF0,66:0x5136D5DD,66:0xA795C3C3,45:0x67A7BA11,45:0x67A7BA12,45:0x67A7BA13,45:0x67A7BA14,45:0x67A7BA15,60:0x85DA2644,44:0xAEC423B4,44:0xDAC440C4,44:0xDAC440C5,66:0x4EDEA47B,66:0x6EA0C9C4,46:0xC9A73525"
"0x80BE2460","0x80809462","0x54DAF3C1","21","1 1 1 3 70 30 61 66 66 45 45 45 45 45 60 44 44 44 66 66 46","1:0x08A05A25,1:0x09A05C56,1:0x0AA05DC3,3:0xD73B1C36,70:0x3A2C2625,30:0x29166819,61:0x5E94A568,66:0x268A5CE5,66:0xDE21114B,45:0x67A7BA11,45:0x67A7BA12,45:0x67A7BA13,45:0x67A7BA14,45:0x67A7BA15,60:0xD45C9FAC,44:0xE9DA0D5C,44:0x7642FB0C,44:0x7642FB0D,66:0xE1203B23,66:0xB5FB0B8C,46:0x2568278D"
"0x80BE2475","0x80809462","0xF534D439","3","4 70 72","4:0x5292175B,70:0x3A2C2625,72:0xAE44DB7D"
"0x80BE247F","0x80809462","0x6905D54D","4","4 4 70 72","4:0xA7299056,4:0xA6298E25,70:0x3A2C2625,72:0xBE9FE67E"
"0x80BE2486","0x80809462","0x81874BEB","3","4 70 72","4:0xDA35CE7F,70:0x3A2C2625,72:0x09A2E215"
"0x80BE2490","0x80809462","0x6CB5265F","4","4 4 70 72","4:0x26FE4FE7,4:0x27FE5110,70:0x3A2C2625,72:0xF2AD01E9"
"0x80BE2497","0x80809462","0x14E65D8D","3","4 70 72","4:0x58A481E8,70:0x3A2C2625,72:0x887E2952"
"0x80BE24A1","0x80809462","0x459314DE","4","4 4 70 72","4:0x32BDD81E,4:0x31BDD6ED,70:0x3A2C2625,72:0x6229348E"
"0x80BE24A8","0x80809462","0x89CA3FCE","3","4 70 72","4:0xBFFB0504,70:0x3A2C2625,72:0xAECF3C6E"
"0x80BE24B2","0x80809462","0x8873A7A9","4","4 4 70 72","4:0x8296D4D5,4:0x8396D646,70:0x3A2C2625,72:0xC0CA0AE7"
"0x80BE24BC","0x80809462","0x0FF49E15","4","4 4 70 72","4:0x60075707,4:0x610758B0,70:0x3A2C2625,72:0x49D059E1"
"0x80BE24D2","0x80809462","0x325DD7D0","27","1 1 1 1 3 70 30 66 66 66 66 45 45 45 45 45 45 45 60 44 44 44 44 44 66 61 46","1:0x480C714E,1:0x4A0C7464,1:0x490C72FB,1:0x470C6FDD,3:0xC7BC7FF3,70:0x3A2C2625,30:0x94AF55A2,66:0x203640CD,66:0xBF21D1B4,66:0x9109F633,66:0xBB80DC48,45:0x67A7BA11,45:0x67A7BA12,45:0x67A7BA13,45:0x67A7BA14,45:0x67A7BA15,45:0x67A7BA16,45:0x67A7BA17,60:0xDB6643AF,44:0x1F7DE582,44:0x207DE774,44:0x207DE775,44:0xBF0BDE2D,44:0x207DE776,66:0x1F1AEFBE,61:0x1BEED31B,46:0x79AE1ACC"
"0x80BE24FF","0x80809462","0x8C943A1C","23","1 1 1 3 70 30 61 66 66 45 45 45 45 45 60 44 44 44 44 44 66 66 46","1:0xC1462E9E,1:0xC34631B4,1:0xC0462D6D,3:0x2B372F23,70:0x3A2C2625,30:0x1EE285B2,61:0x5777EF8B,66:0xBDBEA683,66:0xA5322C84,45:0x67A7BA11,45:0x67A7BA12,45:0x67A7BA13,45:0x67A7BA14,45:0x67A7BA15,60:0x8A0D20FF,44:0xDCC52412,44:0xDDC52584,44:0xDDC52585,44:0xF140D4FD,44:0xDDC52586,66:0xFF5EDD58,66:0x79B6D28E,46:0x99B7AF1C"
"0x80BE2509","0x80809462","0xAB5DBA27","16","1 1 3 70 30 66 61 45 45 45 60 44 44 66 66 46","1:0xAA13F62B,1:0xAB13F854,3:0xD7F44BA4,70:0x3A2C2625,30:0xD0C8AA97,66:0x198A9B6E,61:0xC018757E,45:0x67A7BA11,45:0x67A7BA12,45:0x67A7BA13,60:0x52C9AE06,44:0x130ECAB9,44:0x130ECAB1,66:0x551327FD,66:0x66136D5D,46:0xDE012973"
"0x80BE2516","0x80809462","0x09AF5B37","20","1 1 1 3 70 30 66 66 66 45 45 45 45 60 44 44 44 66 61 46","1:0x97D5828F,1:0x98D58438,1:0x95D57FF1,3:0x71B2EE80,70:0x3A2C2625,30:0x09B25DB3,66:0xEFEBE637,66:0x34520772,66:0x0A66A481,45:0x67A7BA11,45:0x67A7BA12,45:0x67A7BA13,45:0x67A7BA14,60:0xD8C22D6A,44:0x3A0AC4A5,44:0x390AC331,44:0x3A0AC4AD,66:0xD609E749,61:0xB4CFF85A,46:0x741CEA17"
"0x80BE256E","0x80809462","0x6F9D9F93","21","1 1 1 3 70 30 66 61 45 45 45 45 45 66 44 44 44 60 66 66 46","1:0xABFE93A3,1:0xACFE95CC,1:0xA9FE9085,3:0x20A7699C,70:0x3A2C2625,30:0x600C3CAF,66:0xFC8E766B,61:0x370C3DF6,45:0x67A7BA11,45:0x67A7BA12,45:0x67A7BA13,45:0x67A7BA14,45:0x67A7BA15,66:0x1C935E85,44:0xE6BD4525,44:0xFFDF3211,44:0xBDF8BF8E,60:0xB39CC1EE,66:0x94507396,66:0x840A4A85,46:0x1E56EC7B"
"0x80BE25BA","0x80809462","0x4BFB369B","17","1 1 3 70 30 66 45 45 45 66 44 44 44 60 61 66 46","1:0xAB603AA7,1:0xAC603CD0,3:0xBC9CE2F8,70:0x3A2C2625,30:0x7318D28B,66:0x2D83E4C9,45:0x67A7BA11,45:0x67A7BA12,45:0x67A7BA13,66:0x16FE19B1,44:0x6D2C6E11,44:0x2ECF01A5,44:0x89A84BEA,60:0x357AF172,61:0x0FEA6892,66:0xA8732ABA,46:0x305B653F"
"0x80BE25D0","0x80809462","0x298FC7DD","25","1 2 3 26 70 34 45 45 45 45 66 66 44 44 44 44 44 44 44 48 45 45 45 72 72","1:0xC7E9887C,2:0xF09B9B2E,3:0x98530F61,26:0x4EE6FCB0,70:0x3A2C2625,34:0x7F18B0BD,45:0x67A7BA14,45:0x67A7BA15,45:0x67A7BA16,45:0x67A7BA17,66:0xAF38479A,66:0xCF5CE03F,44:0x58950A76,44:0xEF8780CE,44:0xD0094C16,44:0xE98777BC,44:0xEB877A82,44:0xE5877170,44:0xEF8780CF,48:0x6904CA66,45:0x67A7BA11,45:0x67A7BA12,45:0x67A7BA13,72:0x72313C73,72:0xCF24AF09"
"0x80BE262F","0x80809462","0x48AF3C5C","61","26 1 1 1 1 1 1 1 1 3 70 34 45 45 45 45 45 45 45 45 45 45 45 45 45 45 45 45 45 45 45 45 66 44 44 66 44 44 44 66 44 44 66 44 44 66 66 44 44 44 44 44 44 44 44 44 44 44 66 45 45","26:0x32EA4935,1:0xC8346A4C,1:0xC7346823,1:0xC63466B6,1:0xC5346505,1:0xCC347000,1:0xCB346E97,1:0xCA346D6A,1:0xC9346BF9,3:0x98530F61,70:0x3A2C2625,34:0xA743C042,45:0x67A7BA13,45:0x67A7BA14,45:0x67A7BA15,45:0x67A7BA16,45:0x67A7BA17,45:0x67A7BA18,45:0x67A7BA19,45:0x3E09E8F3,45:0x3E09E8F2,45:0x3E09E8F1,45:0x3E09E8F0,45:0x3E09E8F7,45:0x3E09E8F6,45:0x3E09E8F5,45:0x3E09E8F4,45:0x3E09E8FB,45:0x3E09E8FA,45:0x3F09EA66,45:0x3F09EA67,45:0x3F09EA64,66:0xDE686242,44:0x58950A76,44:0x9DF70729,66:0xDE686241,44:0xD0094C16,44:0xD0094C12,44:0xF10DEC8D,66:0xDE686240,44:0xD0094C15,44:0xF10DEC8E,66:0xDE686247,44:0xD0094C14,44:0xF10DEC8F,66:0xDE686246,66:0xDE686245,44:0xD0094C13,44:0x94A2C692,44:0xD0094C1E,44:0x94A2C690,44:0x94A2C693,44:0xD0094C11,44:0xD0094C10,44:0xD0094C1F,44:0xF10DEC88,44:0xF10DEC8A,44:0xF10DEC89,66:0xCF5CE03F,45:0x67A7BA11,45:0x67A7BA12"
"0x80BE266A","0x80809462","0x04F18CD8","12","4 4 4 4 4 4 4 4 4 4 4 70","4:0x8CAA74C0,4:0x80BD610A,4:0x949FB466,4:0x0E21E748,4:0x0E21E74B,4:0x0E21E74A,4:0x04CA4A77,4:0xF41D5196,4:0x92D99F3D,4:0xFBF31677,4:0x8F1F8B05,70:0x3A2C2625"
"0x80BE266E","0x80809462","0x42076A9E","1","70","70:0x3A2C2625"
"0x80BE269B","0x80809462","0xFB72F0B1","14","4 4 4 4 4 4 4 4 4 4 4 4 4 70","4:0xE64537D3,4:0x83BD4B2A,4:0x8AC97593,4:0x9EE65452,4:0xC9E05BD9,4:0xFEC7AC9E,4:0xFEC7AC9D,4:0xFEC7AC9C,4:0xB251689E,4:0xD976968C,4:0xD9C5E828,4:0x02BD0684,4:0xA2F77FCE,70:0x3A2C2625"
"0x80BE26BD","0x80809462","0x3B49F182","6","4 4 4 4 4 70","4:0x2988A1C4,4:0x2C88A69D,4:0x2B88A52A,4:0x26889D0B,4:0x25889B98,70:0x3A2C2625"
"0x80BE26E4","0x80809462","0x9313FA93","1","70","70:0x3A2C2625"
"0x80BE26EE","0x80809462","0x7CDB9AA8","12","4 23 70 68 53 11 71 32 47 61 60 69","4:0x3F4764DD,23:0x812535F6,70:0x3A2C2625,68:0x916C61E9,53:0xF04C0F32,11:0xA79F7787,71:0x4A6B111C,32:0xFE0FF3A6,47:0xFF0887C6,61:0xD495DF2E,60:0x5908F1FC,69:0x76B10BE7"
"0x80BE26FE","0x80809462","0x16E43FD8","12","4 23 70 68 53 11 71 32 60 47 61 69","4:0x3F4764DD,23:0x812535F6,70:0x3A2C2625,68:0x916C61E9,53:0xF04C0F32,11:0xA79F7787,71:0x4A6B111C,32:0xFE0FF3A6,60:0x5908F1FC,47:0xFF0887C6,61:0xD495DF2E,69:0x76B10BE7"
"0x80BE2C5D","0x80809462","0x1CA6F5EC","69","4 4 4 4 4 4 4 4 4 4 4 4 5 5 5 5 5 4 4 4 4 4 4 4 4 4 4 4 1 2 1 1 1 1 1 1 1 1 1 1 1 1 1 1 1 1 1 1 1 26 26 26 26 26 26 26 26 26 26 26 26 26 26 43 43 43 3 3 4","4:0x3D964CC1,4:0x829D148F,4:0x999ED9D8,4:0x9E99146D,4:0x4820FA6C,4:0x5D46E0A4,4:0x9876FA14,4:0x45DA979B,4:0x38A8C878,4:0x04E6E529,4:0xB739765E,4:0xC2B31E47,5:0x42FCA6C3,5:0xBBF68B95,5:0xE324C22C,5:0x73D46B08,5:0x21C0A716,4:0xD61F75ED,4:0xB4521072,4:0xD774A7D8,4:0xD674A5AF,4:0xD574A402,4:0xD474A291,4:0xD374A164,4:0xD2749FFB,4:0xD1749E4E,4:0xD0749CDD,4:0xDF74B440,1:0x16B6C15F,2:0x3DB4AC9E,1:0xDDB9CA8F,1:0xDDB9CA8C,1:0xDDB9CA8D,1:0xFA876AF4,1:0x5B28860A,1:0x5B288609,1:0x5B288608,1:0x1C57A4E7,1:0xF0832E49,1:0x4C0B07C4,1:0x4C0B07C7,1:0xF0832E4A,1:0xB3DB26DD,1:0xB3DB26DE,1:0xF0832E4B,1:0x148724DE,1:0x148724DD,1:0x103826C4,1:0x103826C7,26:0x1324A0D5,26:0x497109DB,26:0x497109D8,26:0xCC9BEC8A,26:0x8A1709D3,26:0x43622B55,26:0x365C47AA,26:0x101ED0CB,26:0x8D8ADFC9,26:0x09B3BB6F,26:0x5BBD0995,26:0x9D7E2513,26:0x37EFE743,26:0x465F7480,43:0x20EDE3F9,43:0x20EDE3FA,43:0x20EDE3FB,3:0xF6CB3CC1,3:0x207742E2,4:0x2E49"
"0x80BE2E97","0x80809462","0xD8CEFF3E","1","70","70:0x3A2C2625"
"0x80BE2ECB","0x80809462","0xB0415180","69","5 5 5 5 5 5 5 1 2 1 2 1 2 1 2 1 1 1 1 1 1 1 1 1 1 1 1 1 1 1 1 26 4 23 3 5 5 5 5 5 26 4 4 4 23 23 23 4 4 4 23 4 4 4 4 26 23 23 23 23 26 26 26 43 43 43 23 23 4","5:0x46FFEB8B,5:0x48C5EA32,5:0xDA66E3B1,5:0x10506560,5:0x30A5C087,5:0xAF02A25E,5:0xAA7255ED,1:0xBA35ACFC,2:0xC1F8BF16,1:0xB9AF12A4,2:0xE29A2D00,1:0x2D79ED5F,2:0x8B4147F5,1:0xA7156EFC,2:0x9D949AD8,1:0x7AF11D8C,1:0xC85D95A7,1:0xE4004646,1:0x5AE63B0C,1:0x5AE63B0F,1:0x5AE63B0E,1:0x42D4AF22,1:0x42D4AF21,1:0x42D4AF20,1:0x3D6791B0,1:0x3D6791B3,1:0x3D6791B2,1:0x29B0A5A1,1:0x2E618CC8,1:0xC68E2078,1:0xC47AB104,26:0x67B3A760,4:0x552E7CA0,23:0xB8D0D2A9,3:0x8C400E63,5:0x2FDD15DE,5:0x9D0133BA,5:0x2FAB1F75,5:0x7E29455F,5:0x8071A6D3,26:0xB6CECC97,4:0x44ED6F6D,4:0x45ED709E,4:0x46ED720B,23:0x68DAE7F2,23:0xC335FD3A,23:0xC335FD39,4:0xE34EA835,4:0xE34EA836,4:0x844E8C61,23:0xC183DB64,4:0xA30CB723,4:0xC99BCF38,4:0x2F192A64,4:0x2F192A67,26:0xB97E810F,23:0x44BE0EB1,23:0x3FF3286D,23:0xCBD9D3E9,23:0xCBD9D3EA,26:0x2644EE16,26:0x1E1F1BF9,26:0xA80FD774,43:0xE710AC77,43:0x6FF4FC8F,43:0x6FF4FC8C,23:0xF0E077BF,23:0xF1E07928,4:0xE"
"0x80BE2EF0","0x80809462","0x9C4836DD","9","23 23 23 23 4 4 4 4 70","23:0x018B29BD,23:0x1F02961D,23:0xDBCDD72F,23:0x75A90990,4:0x63FEB18E,4:0xB69D7C28,4:0x641B0106,4:0x0859041D,70:0x3A2C2625"
"0x80BE2EFD","0x80809462","0xB1E0207A","44","1 3 3 3 3 3 3 3 3 3 70 68 53 11 71 45 45 44 61 44 45 44 61 61 45 44 61 66 45 44 61 45 45 44 61 44 45 44 61 61 45 44 61 46","1:0x2E03445B,3:0x3747BD98,3:0x4C2FA0CE,3:0x528F4415,3:0xD8AF162C,3:0x1241B68B,3:0xD42B52AA,3:0xA3A94811,3:0x39F9DFC8,3:0x3FD53917,70:0x3A2C2625,68:0x916C61E9,53:0xF04C0F32,11:0xA79F7787,71:0x4A6B111C,45:0x67A7BA11,45:0x67A7BA14,44:0x3103C70F,61:0xA1E68F1A,44:0xB30DC367,45:0x67A7BA15,44:0x42DBA044,61:0x9EE68AD3,61:0xA2E69087,45:0x67A7BA16,44:0x5EFBC885,61:0x9FE68C7C,66:0xF0BFA4F5,45:0x67A7BA17,44:0x818ECFEA,61:0x9CE68735,45:0x67A7BA12,45:0x67A7BA18,44:0xB8F2979B,61:0x9DE688A6,44:0x45F89B49,45:0x67A7BA19,44:0xCA0F5A60,61:0xA3E69230,61:0xF964CB10,45:0x67A7BA13,44:0xE814123E,61:0xA0E68DE9,46:0x7A4D06F9"
"0x80BE2F26","0x80809462","0xA0350620","1","70","70:0x3A2C2625"
"0x80BE2F56","0x80809462","0x7B62A7F5","53","3 38 38 1 1 1 1 1 1 1 1 1 1 1 1 1 1 70 68 53 11 71 18 18 45 45 66 45 66 44 66 44 66 44 66 44 66 44 44 66 61 66 66 45 66 45 66 45 64 46 64 46 66","3:0xE8E57C7B,38:0x77B302DB,38:0x990B755E,1:0x832126F6,1:0x30609C26,1:0xF591CFD1,1:0xEE52BE94,1:0x9FD14A24,1:0x9ED148BB,1:0xB7826975,1:0xA9C460C3,1:0x036A1BAB,1:0xD28290FC,1:0x8FAAA43F,1:0x910FE8E7,1:0x920FEA10,1:0xB46E5A8A,70:0x3A2C2625,68:0x916C61E9,53:0xF04C0F32,11:0xA79F7787,71:0x4A6B111C,18:0x6B633133,18:0x8BEC385E,45:0x67A7BA14,45:0x67A7BA15,66:0x07B4B417,45:0x67A7BA16,66:0x8E237C24,44:0x550E70C9,66:0x4468974C,44:0xA2E5CB42,66:0x0CCBCE3C,44:0x322A9BE7,66:0x65CFB9EF,44:0x2A9B26BC,66:0x83C4F804,44:0x17271FE5,44:0x59BB447A,66:0x07B4B414,61:0x897FDBA9,66:0x8E237C27,66:0x4468974F,45:0x67A7BA11,66:0x0CCBCE3F,45:0x67A7BA12,66:0x65CFB9EC,45:0x67A7BA13,64:0xF834BE4E,46:0xDAF07A71,64:0xC12835A9,46:0xF4056BE4,66:0x83C4F807"
"0x80BE2FA9","0x80809462","0x7B62A7F4","53","3 38 38 1 1 1 1 1 1 1 1 1 1 1 1 1 1 70 68 53 11 71 18 18 45 45 66 45 66 44 66 44 66 44 66 44 66 44 44 66 61 66 66 45 66 45 66 45 64 46 64 46 66","3:0x96B659CA,38:0xA0033AB4,38:0xE56009CD,1:0xE95F681D,1:0xA88E2C41,1:0x9F333D26,1:0xE76F2399,1:0xA3C93345,1:0xA4C934F6,1:0x1564BD24,1:0x46517694,1:0xA2FCDA40,1:0xFBA116A7,1:0x60CE1582,1:0xD4203CF6,1:0xD3203B45,1:0x354ECE1B,70:0x3A2C2625,68:0x916C61E9,53:0xF04C0F32,11:0xA79F7787,71:0x4A6B111C,18:0x2A45DB86,18:0xB3624A49,45:0x67A7BA14,45:0x67A7BA15,66:0x8FBC98C0,45:0x67A7BA16,66:0x76516EAB,44:0xFF318BD8,66:0x1D6C7AF7,44:0x99D10D71,66:0xA5A31BC3,44:0xBAE935FE,66:0x5E3BFB38,44:0xB5191565,66:0xE4AAC75F,44:0x6BA92DFE,44:0x59BEAFFB,66:0x8FBC98C3,61:0x5171EDD2,66:0x76516EA8,66:0x1D6C7AF4,45:0x67A7BA11,66:0xA5A31BC0,45:0x67A7BA12,66:0x5E3BFB3B,45:0x67A7BA13,64:0x4874FA7B,46:0x68A9166A,64:0x346D78CC,46:0x8798FD0B,66:0xE4AAC75C"
"0x80BE3148","0x80809462","0x2E6E36FA","69","5 5 5 5 5 5 5 1 2 1 2 1 2 1 2 1 1 1 1 1 1 1 1 1 1 1 1 1 1 1 1 26 4 23 3 5 5 5 5 5 26 4 4 4 23 23 23 4 4 4 23 4 4 4 4 26 23 23 23 23 26 26 26 43 43 43 23 23 4","5:0x46FFEB8B,5:0x48C5EA32,5:0xDA66E3B1,5:0x10506560,5:0x30A5C087,5:0xAF02A25E,5:0xAA7255ED,1:0xBA35ACFC,2:0xC1F8BF16,1:0xB9AF12A4,2:0xE29A2D00,1:0x2D79ED5F,2:0x8B4147F5,1:0xA7156EFC,2:0x9D949AD8,1:0x7AF11D8C,1:0xC85D95A7,1:0xE4004646,1:0x5AE63B0C,1:0x5AE63B0F,1:0x5AE63B0E,1:0x42D4AF22,1:0x42D4AF21,1:0x42D4AF20,1:0x3D6791B0,1:0x3D6791B3,1:0x3D6791B2,1:0x29B0A5A1,1:0x2E618CC8,1:0xC68E2078,1:0xC47AB104,26:0x67B3A760,4:0x552E7CA0,23:0xB8D0D2A9,3:0x8C400E63,5:0x2FDD15DE,5:0x9D0133BA,5:0x2FAB1F75,5:0x7E29455F,5:0x8071A6D3,26:0xB6CECC97,4:0x44ED6F6D,4:0x45ED709E,4:0x46ED720B,23:0x68DAE7F2,23:0xC335FD3A,23:0xC335FD39,4:0xE34EA835,4:0xE34EA836,4:0x844E8C61,23:0xC183DB64,4:0xA30CB723,4:0xC99BCF38,4:0x2F192A64,4:0x2F192A67,26:0xB97E810F,23:0x44BE0EB1,23:0x3FF3286D,23:0xCBD9D3E9,23:0xCBD9D3EA,26:0x2644EE16,26:0x1E1F1BF9,26:0xA80FD774,43:0xE710AC77,43:0x6FF4FC8F,43:0x6FF4FC8C,23:0xF0E077BF,23:0xF1E07928,4:0xE"
"0x80BE315E","0x80809462","0x3A1DA187","46","4 4 4 26 4 23 4 4 4 26 4 23 4 4 4 26 4 23 4 4 4 26 4 23 4 4 4 26 4 23 70 34 34 34 34 34 72 72 72 72 72 61 61 61 61 61","4:0x8DA9FE56,4:0xCA229FAD,4:0x05302BCB,26:0xCDA36EC3,4:0x06088D14,23:0xB6951F31,4:0x10E6970B,4:0xD0D3814A,4:0xF6A11768,26:0xF4BBDCE4,4:0x05088BEB,23:0xB79520A2,4:0x0F924484,4:0x0743619B,4:0xE2E051E1,26:0x2ACA6921,4:0x04088A7E,23:0xB89522CF,4:0xF0E70809,4:0x4AC1AA30,4:0x063420B6,26:0x1801B97A,4:0x030888CD,23:0xB9952478,4:0x86738B9A,4:0x4B5B6491,4:0xB7B48347,26:0x51863387,4:0x0A0893C8,23:0xB295197D,70:0x3A2C2625,34:0x7B07427C,34:0xC8BDE58F,34:0x0EC47BD2,34:0xBF410ACD,34:0x25328A88,72:0x600F6F6E,72:0x5F0F6DFD,72:0x620F7204,72:0x610F709B,72:0x640F7522,61:0x701AC1FA,61:0x6F1AC049,61:0x6C1ABB06,61:0x721AC490,61:0x711AC367"
"0x80BE31A0","0x80809462","0xEA07DED2","64","1 3 1 3 3 1 1 1 3 1 3 1 3 70 30 30 30 30 30 30 66 45 60 44 61 66 66 44 60 61 45 45 60 44 44 61 66 66 66 66 45 60 44 61 66 66 66 61 45 60 44 45 60 46 44 46 61 46 66 46 66 46 45 46","1:0xE9EF8995,3:0xC0CD0786,1:0xB707030E,3:0x7FE38433,3:0x2E0EF2D7,1:0xA575B3DA,1:0x7F6C7497,1:0x806C7600,3:0xB1462208,1:0x8B232894,3:0x713A4129,1:0xBC6BA909,3:0xFEB71D32,70:0x3A2C2625,30:0xC0640109,30:0x822CF5D6,30:0x813D5BFB,30:0x1C006FC8,30:0x8A2B68E5,30:0x03A663E2,66:0x986F3E2C,45:0x67A7BA11,60:0xF058EBEB,44:0x80112091,61:0x0944DD62,66:0x21480021,66:0xF45AFBAE,44:0x5ECAF87E,60:0x18D468DC,61:0x0644D8DB,45:0x67A7BA14,45:0x67A7BA15,60:0xA522B6E2,44:0x22F101D5,44:0x21F10069,61:0x0844DBF1,66:0x6C24CCB2,66:0x36D44D27,66:0xD8473B88,66:0x25D470DD,45:0x67A7BA16,60:0x1FA0ABF9,44:0x6FDA19EE,61:0x0744DA44,66:0xD13E82BF,66:0xEF282B24,66:0x5852DE10,61:0x0B44E038,45:0x67A7BA17,60:0x32F91950,44:0x98B76DA1,45:0x67A7BA12,60:0x7FB380EF,46:0x369531FD,44:0x7FD69CB6,46:0x26E21AC8,61:0x0A44DE8F,46:0xE3EBB62F,66:0xB3C11209,46:0xC509EEB2,66:0xCEA3A213,46:0x0EA9EE51,45:0x67A7BA13,46:0x1F14E30C"
"0x80BE32A4","0x80809462","0x5A18168A","44","23 4 3 1 1 3 1 1 3 1 1 3 1 1 3 70 30 30 30 30 45 60 61 45 61 44 45 60 61 66 66 45 45 60 60 72 61 46 66 46 44 46 45 46","23:0x3FD45A89,4:0x12C0D216,3:0x815F716B,1:0x5CA000E1,1:0x5DA00212,3:0xA185950A,1:0xD5ED5F86,1:0xD4ED5E15,3:0x05D22CAB,1:0x670B43F2,1:0x660B4241,3:0xF02F712F,1:0x23AC274D,1:0x24AC28FE,3:0xC9061A1E,70:0x3A2C2625,30:0x0102A3DD,30:0xBCAA625A,30:0x0A99BA2E,30:0x51EE8BA1,45:0x67A7BA14,60:0x652457F7,61:0x2E8AC127,45:0x67A7BA12,61:0x5C682C3C,44:0x9DF70729,45:0x67A7BA15,60:0x2FBF0133,61:0x2F8AC350,66:0xAF38479A,66:0xDE686212,45:0x67A7BA13,45:0x67A7BA16,60:0xC45B04A4,60:0xCE0C7CF8,72:0xF04D9964,61:0x5B682A93,46:0x3E8B5879,66:0xCF5CE03F,46:0x9FC13194,44:0x58950A76,46:0x748350D0,45:0x67A7BA11,46:0x76006405"
"0x80BE32C1","0x80809462","0xE9D5C8C0","15","3 1 1 1 1 70 31 45 44 44 60 66 45 45 46","3:0x3601D7FC,1:0xE5F5F147,1:0xE5F5F144,1:0x90CCFD57,1:0x90CCFD54,70:0x3A2C2625,31:0x13531F73,45:0x67A7BA11,44:0x71BD7716,44:0x7EA2E376,60:0x896F9885,66:0x41057B3F,45:0x67A7BA12,45:0x67A7BA13,46:0x9C7B58B3"
"0x80BE32D7","0x80809462","0x8BD467FD","31","3 3 1 1 1 1 1 2 1 23 23 26 70 34 45 45 45 44 44 44 44 44 44 66 66 45 45 45 45 45 46","3:0x82D9B754,3:0x91628808,1:0x2F04400D,1:0x2F04400E,1:0x2F04400F,1:0x2F044008,1:0xC5BAF5C7,2:0xC43A52F6,1:0x84A25FC6,23:0x090765D7,23:0x1F02961D,26:0x30AC74C3,70:0x3A2C2625,34:0xE200FBB4,45:0x67A7BA15,45:0x67A7BA16,45:0x67A7BA17,44:0x25A782E0,44:0xCDD305B2,44:0x627C97ED,44:0xA89D624E,44:0xDAB7C8CD,44:0x890AA094,66:0xADF9E392,66:0x5323AD83,45:0x67A7BA18,45:0x67A7BA12,45:0x67A7BA13,45:0x67A7BA14,45:0x67A7BA11,46:0x9C7B58B3"
"0x80BE32F0","0x80809462","0x702A49E2","35","3 1 1 1 1 1 1 1 70 31 45 45 45 45 45 45 45 45 45 44 44 44 44 44 44 44 44 60 66 66 66 66 45 45 46","3:0x523AA7D8,1:0x8C08376A,1:0xAC9E948C,1:0xAC9E948F,1:0xAC9E948E,1:0xF67F3054,1:0x2AE1595A,1:0xC8558871,70:0x3A2C2625,31:0xA66EE9A5,45:0x3E09E8F3,45:0x3E09E8F2,45:0x67A7BA11,45:0x67A7BA12,45:0x67A7BA13,45:0x67A7BA14,45:0x67A7BA15,45:0x67A7BA16,45:0x67A7BA17,44:0x8AFB6583,44:0xF32EFC5F,44:0xFCFA0D63,44:0x9954F483,44:0x8947182F,44:0xBDD7C8C4,44:0x457BBDB3,44:0x58943407,60:0xA95B3CAB,66:0x9DD894A4,66:0x0B867F09,66:0x0BBC9907,66:0x40CF6121,45:0x67A7BA18,45:0x67A7BA19,46:0x9C7B58B3"
"0x80BE3303","0x80809462","0x606458E9","4","4 4 4 70","4:0x2CB0D857,4:0x2DB0D9C0,4:0x2AB0D4B9,70:0x3A2C2625"
"0x80BE3307","0x80809462","0x483ECB05","5","4 26 70 34 61","4:0x7A4512C2,26:0xE409E6DC,70:0x3A2C2625,34:0x5C0FD561,61:0xEB284618"
"0x80BE3A94","0x80809462","0x7AAE4296","1","70","70:0x3A2C2625"
"0x80BE3AF8","0x80809462","0xFF70F53A","33","1 26 3 4 4 26 4 4 26 4 4 26 70 68 53 11 71 34 34 34 34 34 34 34 34 44 61 66 61 61 61 45 46","1:0xF4545C09,26:0x75624A86,3:0xA3E994C4,4:0x7C43E828,4:0xCC05CCB8,26:0x3107BAB0,4:0x57129639,4:0x418EF173,26:0x1302AD1F,4:0x1836BABE,4:0x9E38B0F6,26:0xEA31260A,70:0x3A2C2625,68:0x916C61E9,53:0xF04C0F32,11:0xA79F7787,71:0x4A6B111C,34:0x11360D07,34:0x12360EB0,34:0x0F360A69,34:0x10360B9A,34:0x0D360753,34:0x94B138EA,34:0x8339DF2D,34:0x23DDA850,44:0x10EFC05C,61:0x8F7E89F7,66:0x0EF7F797,61:0x907E8B60,61:0x02A38E1C,61:0x8E7E884A,45:0x67A7BA11,46:0xA9B35FA7"
"0x80BE3B8F","0x80809462","0xB4747802","2","4 70","4:0x30276BDE,70:0x3A2C2625"
"0x80BE8886","0x80809462","0x3BC79A8D","1","19","19:0x4085607B"
"0x80C27826","0x80809462","0xE6620032","1","19","19:0x4085607B"
"0x80C2782F","0x80809462","0x96E0A5E5","1","",""
"0x80FD715E","0x80809462","0xEAAF16E2","16","13 13 13 13 13 13 13 13 13 13 13 13 13 13 13 13","13:0xBB5CE721,13:0xBC5CE952,13:0xBD5CEAFF,13:0xBE5CEC68,13:0xB75CE16D,13:0xB85CE29E,13:0xB95CE40B,13:0xBA5CE5B4,13:0xC35CF449,13:0xC45CF5FA,13:0xC5432E70,13:0xC4432CC7,13:0xC3432B5A,13:0xC2432929,13:0xC14327BC,13:0xC0432613"
"0x80FEB3DC","0x80809462","0x4786C0E0","21","16 35 18 17 41 13 13 13 13 13 13 13 13 13 13 13 13 13 13 13 13","16:0x021F3833,35:0x1D420449,18:0xC562283A,17:0xBBCB85BC,41:0x0B5E8158,13:0xBB5CE721,13:0xBC5CE952,13:0xBD5CEAFF,13:0xBE5CEC68,13:0xB75CE16D,13:0xB85CE29E,13:0xB95CE40B,13:0xBA5CE5B4,13:0xC35CF449,13:0xC45CF5FA,13:0xC5432E70,13:0xC4432CC7,13:0xC3432B5A,13:0xC2432929,13:0xC14327BC,13:0xC0432613"
